Type d'identifiant PP|Identifiant PP|Identification nationale PP|Code civilité d'exercice|Libellé civilité d'exercice|Code civilité|Libellé civilité|Nom d'exercice|Prénom d'exercice|Code profession|Libellé profession|Code catégorie professionnelle|Libellé catégorie professionnelle|Code type savoir-faire|Libellé type savoir-faire|Code savoir-faire|Libellé savoir-faire|Code mode exercice|Libellé mode exercice|Numéro SIRET site|Numéro SIREN site|Numéro FINESS site|Numéro FINESS établissement juridique|Identifiant technique de la structure|Raison sociale site|Enseigne commerciale site|Complément destinataire (coord. structure)|Complément point géographique (coord. structure)|Numéro Voie (coord. structure)|Indice répétition voie (coord. structure)|Code type de voie (coord. structure)|Libellé type de voie (coord. structure)|Libellé Voie (coord. structure)|Mention distribution (coord. structure)|Bureau cedex (coord. structure)|Code postal (coord. structure)|Code commune (coord. structure)|Libellé commune (coord. structure)|Code pays (coord. structure)|Libellé pays (coord. structure)|Téléphone (coord. structure)|Téléphone 2 (coord. structure)|Télécopie (coord. structure)|Adresse e-mail (coord. structure)|Code Département (structure)|Libellé Département (structure)|Ancien identifiant de la structure|Autorité d'enregistrement|Code secteur d'activité|Libellé secteur d'activité|Code section tableau pharmaciens|Libellé section tableau pharmaciens|Code rôle|Libellé rôle|Code genre activité|Libellé genre activité|
8|10000008879|810000008879|||M|Monsieur|DONGAL|JEAN-CLAUDE|21|Pharmacien|C|Civil|||||S|Salarié|26971041400013||970100442|970100228|F970100442|C.H.U. DE POINTE-A-PITRE/ABYMES|||||||||BP 465|97139 LES ABYMES|97139|97101|Les Abymes|||0590891010||0590891029||||1970100442|CNOP/CNOP/ARS|SA01|Etablissement Public de santé|EH|Pharmacien d'établissement de santé - OM|FON-AU|Fonction non définie|GENR01|Activité standard de soin ou de pharmacien|
8|10000011121|810000011121|DR|Docteur|M|Monsieur|BERRY|OLIVIER|21|Pharmacien|C|Civil|||||L|Libéral|||970103958|970103909|F97010395803102016|PHARMACIE BERRY|PHARMACIE BERRY|||8|B|ZAC|Zone d amenagement concerte|DE NOLIVIER||97115 STE ROSE|97115|97129|Sainte-Rose|99000|France|||||||1970103958|CNOP/CNOP/ARS + CNOP|SA33|Pharmacie d'officine|EA|Pharmacien titulaire d'officine - OM|FON-03|Titulaire d'officine|GENR01|Activité standard de soin ou de pharmacien|
8|10000011964|810000011964|DR|Docteur|M|Monsieur|POMATTO|CHRISTOPHE|21|Pharmacien|C|Civil|||||L|Libéral|||740003330|740003322|F74000333029052021|PHARMACIE DES CARROZ||||40||PL|Place|des Aravis||74300 ARACHES-LA-FRASSE|74300|74014|Arâches-la-Frasse|99000|France|0450900057|||pharmaciedescarroz@gmail.com|||1740003330|CNOP/CNOP/ARS + CNOP|SA33|Pharmacie d'officine|A|Pharmacien titulaire d'officine|FON-03|Titulaire d'officine|GENR01|Activité standard de soin ou de pharmacien|
8|10000037118|810000037118|||M|Monsieur|ZENOU|BERNARD|21|Pharmacien|C|Civil|||||S|Salarié|||750029456|750029431|F75002945601092020|PHARMACIE  CONSEIL PASSY||||1||R|Rue|RAYNOUARD - 7 RUE DE L'ALBONI||75016 PARIS|75016|75116|Paris 16e  Arrondissement|99000|France|0142882034||||||1750029456|CNOP/CNOP/ARS + CNOP|SA33|Pharmacie d'officine|D|Pharmacien adjoint, pharmacien remplaçant le titulaire, gérant après décès du titulaire, pharmacien multi-employeurs.|FON-05|Adjoint|GENR01|Activité standard de soin ou de pharmacien|
8|10000068733|810000068733|DR|Docteur|MME|Madame|DESJOBERT|HELENE|21|Pharmacien|C|Civil|||||S|Salarié|26750045200201||750100232|750712184|F750100232|HU PARIS NORD SITE BICHAT APHP||||46||R|Rue|HENRI HUCHARD||75877 PARIS CEDEX 18|75877|75118|Paris 18e  Arrondissement|||0140258080||0140258305|maryna.giannelli@aphp.fr|||1750100232|CNOP/CNOP/ARS|SA01|Etablissement Public de santé|G|Pharmaciens biologistes, c'est-à-dire : les directeurs et les directeurs adjoints des laboratoires d'analyses de biologie médicale privés (LABM), de même que les biologistes praticiens des laboratoires hospitaliers publics. |FON-AU|Fonction non définie|GENR01|Activité standard de soin ou de pharmacien|
8|10000071984|810000071984|||M|Monsieur|COHEN|CHARLES|21|Pharmacien|C|Civil|||||L|Libéral|33847136000036||750049074|750049066|F750049074|LBM LA SCALA SITE VAUGIRARD||||137||R|Rue|DE VAUGIRARD||75015 PARIS|75015|75115|Paris 15e  Arrondissement|||0145673545|||scala4@wanadoo.fr|||1750049074|CNOP/CNOP/ARS|SA25|Laboratoire de biologie médicale (LBM)|G|Pharmaciens biologistes, c'est-à-dire : les directeurs et les directeurs adjoints des laboratoires d'analyses de biologie médicale privés (LABM), de même que les biologistes praticiens des laboratoires hospitaliers publics. |FON-41|Biologiste médical|GENR01|Activité standard de soin ou de pharmacien|
8|10000087808|810000087808|DR|Docteur|MME|Madame|BEAL-COUHARDE|ANNE|21|Pharmacien|C|Civil|||||L|Libéral|||770007326|770007300|F77000732607082007|PHARMACIE BEAL-COUHARDE||||54||R|Rue|DU CHEMIN DE FER||77400 LAGNY-SUR-MARNE|77400|77243|Lagny-sur-Marne|99000|France|||||||1770007326|CNOP/CNOP/ARS + CNOP|SA33|Pharmacie d'officine|A|Pharmacien titulaire d'officine|FON-03|Titulaire d'officine|GENR01|Activité standard de soin ou de pharmacien|
8|10000113380|810000113380|DR|Docteur|MME|Madame|CACCAVELLI-CHENIVESSE|MYRIAM|21|Pharmacien|C|Civil|||||S|Salarié|||060011491|060011483|F06001149128102020|SARL PHARMACIE DES BROUSSAILLES|PHARMACIE DES BROUSSAILLES|||173||AV|Avenue|de Grasse||06400 CANNES|06400|06029|Cannes|99000|France|0493394012||0492990333|pharmacie.cannoise@gmail.com|||1060011491|CNOP/CNOP/ARS + CNOP|SA33|Pharmacie d'officine|D|Pharmacien adjoint, pharmacien remplaçant le titulaire, gérant après décès du titulaire, pharmacien multi-employeurs.|FON-05|Adjoint|GENR01|Activité standard de soin ou de pharmacien|
8|10000117050|810000117050|||M|Monsieur|CORBIN|MICHEL|21|Pharmacien|C|Civil|||||L|Libéral|||770006112|770006104|F77000611201012017|PHARMACIE CORBIN||||296||AV|Avenue|JEAN JAURES||77190 DAMMARIE-LES-LYS|77190|77152|Dammarie-les-Lys|99000|France|||||||1770006112|CNOP/CNOP/ARS + CNOP|SA33|Pharmacie d'officine|A|Pharmacien titulaire d'officine|FON-03|Titulaire d'officine|GENR01|Activité standard de soin ou de pharmacien|
