Type d'identifiant PP|Identifiant PP|Identification nationale PP|Code civilité d'exercice|Libellé civilité d'exercice|Code civilité|Libellé civilité|Nom d'exercice|Prénom d'exercice|Code profession|Libellé profession|Code catégorie professionnelle|Libellé catégorie professionnelle|Code type savoir-faire|Libellé type savoir-faire|Code savoir-faire|Libellé savoir-faire|Code mode exercice|Libellé mode exercice|Numéro SIRET site|Numéro SIREN site|Numéro FINESS site|Numéro FINESS établissement juridique|Identifiant technique de la structure|Raison sociale site|Enseigne commerciale site|Complément destinataire (coord. structure)|Complément point géographique (coord. structure)|Numéro Voie (coord. structure)|Indice répétition voie (coord. structure)|Code type de voie (coord. structure)|Libellé type de voie (coord. structure)|Libellé Voie (coord. structure)|Mention distribution (coord. structure)|Bureau cedex (coord. structure)|Code postal (coord. structure)|Code commune (coord. structure)|Libellé commune (coord. structure)|Code pays (coord. structure)|Libellé pays (coord. structure)|Téléphone (coord. structure)|Téléphone 2 (coord. structure)|Télécopie (coord. structure)|Adresse e-mail (coord. structure)|Code Département (structure)|Libellé Département (structure)|Ancien identifiant de la structure|Autorité d'enregistrement|Code secteur d'activité|Libellé secteur d'activité|Code section tableau pharmaciens|Libellé section tableau pharmaciens|Code rôle|Libellé rôle|Code genre activité|Libellé genre activité|
8|10000008879|810000008879|||M|Monsieur|DONGAL|JEAN-CLAUDE|21|Pharmacien|C|Civil|||||S|Salarié|26971041400013||970100442|970100228|F970100442|C.H.U. DE POINTE-A-PITRE/ABYMES|||||||||BP 465|97139 LES ABYMES|97139|97101|Les Abymes|||0590891010||0590891029||||1970100442|CNOP/CNOP/ARS|SA01|Etablissement Public de santé|EH|Pharmacien d'établissement de santé - OM|FON-AU|Fonction non définie|GENR01|Activité standard de soin ou de pharmacien|
8|10000011121|810000011121|DR|Docteur|M|Monsieur|BERRY|OLIVIER|21|Pharmacien|C|Civil|||||L|Libéral|||970103958|970103909|F97010395803102016|PHARMACIE BERRY|PHARMACIE BERRY|||8|B|ZAC|Zone d amenagement concerte|DE NOLIVIER||97115 STE ROSE|97115|97129|Sainte-Rose|99000|France|||||||1970103958|CNOP/CNOP/ARS + CNOP|SA33|Pharmacie d'officine|EA|Pharmacien titulaire d'officine - OM|FON-03|Titulaire d'officine|GENR01|Activité standard de soin ou de pharmacien|
8|10000011964|810000011964|DR|Docteur|M|Monsieur|POMATTO|CHRISTOPHE|21|Pharmacien|C|Civil|||||L|Libéral|||740003330|740003322|F74000333029052021|PHARMACIE DES CARROZ||||40||PL|Place|des Aravis||74300 ARACHES-LA-FRASSE|74300|74014|Arâches-la-Frasse|99000|France|0450900057|||pharmaciedescarroz@gmail.com|||1740003330|CNOP/CNOP/ARS + CNOP|SA33|Pharmacie d'officine|A|Pharmacien titulaire d'officine|FON-03|Titulaire d'officine|GENR01|Activité standard de soin ou de pharmacien|
8|10000037118|810000037118|||M|Monsieur|ZENOU|BERNARD|21|Pharmacien|C|Civil|||||S|Salarié|||750029456|750029431|F75002945601092020|PHARMACIE  CONSEIL PASSY||||1||R|Rue|RAYNOUARD - 7 RUE DE L'ALBONI||75016 PARIS|75016|75116|Paris 16e  Arrondissement|99000|France|0142882034||||||1750029456|CNOP/CNOP/ARS + CNOP|SA33|Pharmacie d'officine|D|Pharmacien adjoint, pharmacien remplaçant le titulaire, gérant après décès du titulaire, pharmacien multi-employeurs.|FON-05|Adjoint|GENR01|Activité standard de soin ou de pharmacien|
8|10000068733|810000068733|DR|Docteur|MME|Madame|DESJOBERT|HELENE|21|Pharmacien|C|Civil|||||S|Salarié|26750045200201||750100232|750712184|F750100232|HU PARIS NORD SITE BICHAT APHP||||46||R|Rue|HENRI HUCHARD||75877 PARIS CEDEX 18|75877|75118|Paris 18e  Arrondissement|||0140258080||0140258305|maryna.giannelli@aphp.fr|||1750100232|CNOP/CNOP/ARS|SA01|Etablissement Public de santé|G|Pharmaciens biologistes, c'est-à-dire : les directeurs et les directeurs adjoints des laboratoires d'analyses de biologie médicale privés (LABM), de même que les biologistes praticiens des laboratoires hospitaliers publics. |FON-AU|Fonction non définie|GENR01|Activité standard de soin ou de pharmacien|
8|10000071984|810000071984|||M|Monsieur|COHEN|CHARLES|21|Pharmacien|C|Civil|||||L|Libéral|33847136000036||750049074|750049066|F750049074|LBM LA SCALA SITE VAUGIRARD||||137||R|Rue|DE VAUGIRARD||75015 PARIS|75015|75115|Paris 15e  Arrondissement|||0145673545|||scala4@wanadoo.fr|||1750049074|CNOP/CNOP/ARS|SA25|Laboratoire de biologie médicale (LBM)|G|Pharmaciens biologistes, c'est-à-dire : les directeurs et les directeurs adjoints des laboratoires d'analyses de biologie médicale privés (LABM), de même que les biologistes praticiens des laboratoires hospitaliers publics. |FON-41|Biologiste médical|GENR01|Activité standard de soin ou de pharmacien|
8|10000087808|810000087808|DR|Docteur|MME|Madame|BEAL-COUHARDE|ANNE|21|Pharmacien|C|Civil|||||L|Libéral|||770007326|770007300|F77000732607082007|PHARMACIE BEAL-COUHARDE||||54||R|Rue|DU CHEMIN DE FER||77400 LAGNY-SUR-MARNE|77400|77243|Lagny-sur-Marne|99000|France|||||||1770007326|CNOP/CNOP/ARS + CNOP|SA33|Pharmacie d'officine|A|Pharmacien titulaire d'officine|FON-03|Titulaire d'officine|GENR01|Activité standard de soin ou de pharmacien|
8|10000113380|810000113380|DR|Docteur|MME|Madame|CACCAVELLI-CHENIVESSE|MYRIAM|21|Pharmacien|C|Civil|||||S|Salarié|||060011491|060011483|F06001149128102020|SARL PHARMACIE DES BROUSSAILLES|PHARMACIE DES BROUSSAILLES|||173||AV|Avenue|de Grasse||06400 CANNES|06400|06029|Cannes|99000|France|0493394012||0492990333|pharmacie.cannoise@gmail.com|||1060011491|CNOP/CNOP/ARS + CNOP|SA33|Pharmacie d'officine|D|Pharmacien adjoint, pharmacien remplaçant le titulaire, gérant après décès du titulaire, pharmacien multi-employeurs.|FON-05|Adjoint|GENR01|Activité standard de soin ou de pharmacien|
8|10000117050|810000117050|||M|Monsieur|CORBIN|MICHEL|21|Pharmacien|C|Civil|||||L|Libéral|||770006112|770006104|F77000611201012017|PHARMACIE CORBIN||||296||AV|Avenue|JEAN JAURES||77190 DAMMARIE-LES-LYS|77190|77152|Dammarie-les-Lys|99000|France|||||||1770006112|CNOP/CNOP/ARS + CNOP|SA33|Pharmacie d'officine|A|Pharmacien titulaire d'officine|FON-03|Titulaire d'officine|GENR01|Activité standard de soin ou de pharmacien|
8|10000153857|810000153857|DR|Docteur|M|Monsieur|CLUZEL|CHRISTOPHE|21|Pharmacien|C|Civil|||||L|Libéral|||780015145|780015137|F78001514528011992|PHARMACIE CLUZEL||||6||PL|Place|D'ISSIGNY||78000 VERSAILLES|78000|78646|Versailles|99000|France|||||||1780015145|CNOP/CNOP/ARS + CNOP|SA33|Pharmacie d'officine|A|Pharmacien titulaire d'officine|FON-03|Titulaire d'officine|GENR01|Activité standard de soin ou de pharmacien|
8|10000161595|810000161595|DR|Docteur|MME|Madame|JOUBERT-HEUZE|ISABELLE|21|Pharmacien|C|Civil|||||S|Salarié|||920012341|920012333|F92001234122082005|PHARMACIE  FOURNET||||7||AV|Avenue|CLAUDE DEBUSSY||92110 CLICHY|92110|92024|Clichy|99000|France|0147373358||||||1920012341|CNOP/CNOP/ARS + CNOP|SA33|Pharmacie d'officine|D|Pharmacien adjoint, pharmacien remplaçant le titulaire, gérant après décès du titulaire, pharmacien multi-employeurs.|FON-05|Adjoint|GENR01|Activité standard de soin ou de pharmacien|
8|10000187087|810000187087|||M|Monsieur|FILLERON|BRUNO|21|Pharmacien|C|Civil|||||L|Libéral|||910011741|910011733|F91001174112092016|PHARMACIE FILLERON|SELARL PHARMACIE FILLERON|||3||PL|Place|DE LA VICTOIRE||91120 PALAISEAU|91120|91477|Palaiseau|99000|France|||||||1910011741|CNOP/CNOP/ARS + CNOP|SA33|Pharmacie d'officine|A|Pharmacien titulaire d'officine|FON-03|Titulaire d'officine|GENR01|Activité standard de soin ou de pharmacien|
8|10000193366|810000193366|||MME|Madame|TARONI|FRANCOISE|21|Pharmacien|C|Civil|||||L|Libéral|||910020593|910020403|F910020593|LBM SELAS CERBALLIANCE PARIS SUD SITE|||PARC D'ACTIVITE DU BOIS CHALAND|41||R|Rue|DU BOIS CHALAND||91090 LISSES|91090|91340|Lisses|||0169453118||||||1910020593|CNOP/CNOP/ARS|SA25|Laboratoire de biologie médicale (LBM)|G|Pharmaciens biologistes, c'est-à-dire : les directeurs et les directeurs adjoints des laboratoires d'analyses de biologie médicale privés (LABM), de même que les biologistes praticiens des laboratoires hospitaliers publics. |FON-41|Biologiste médical|GENR01|Activité standard de soin ou de pharmacien|
8|10000219344|810000219344|||MME|Madame|BONAREL|EVELYNE|21|Pharmacien|C|Civil|||||L|Libéral|||120004247|120004221|F12000424701052007|PHARMACIE CARPI - BONAREL||||40||AV|Avenue|TABARDEL||12740 SEBAZAC-CONCOURES|12740|12264|Sébazac-Concourès|99000|France|0565749023||0565749480||||1120004247|CNOP/CNOP/ARS + CNOP|SA33|Pharmacie d'officine|A|Pharmacien titulaire d'officine|FON-03|Titulaire d'officine|GENR01|Activité standard de soin ou de pharmacien|
8|10000256882|810000256882|DR|Docteur|MME|Madame|MIDDLETON|VALERIE|21|Pharmacien|C|Civil|||||S|Salarié|33193008100053||||R10100000207345|LABORATOIRES EXPANSCIENCE||||1||PL|Place|DES SAISONS||92048 PARIS LA DEFENSE CEDEX|92048|92026|Courbevoie|||||||||333193008100053|CNOP/CNOP/CNOP|SA32|Fab. Exploit. Import. Méd. DM|B|Pharmacien responsable ou pharmacien responsable intérimaire, pharmacien adjoint, délégué ou délégué intérimaire d'une entreprise : fabricant, importateur, exploitant.|FON-05|Adjoint|GENR01|Activité standard de soin ou de pharmacien|
8|10000258185|810000258185|DR|Docteur|MME|Madame|DUHURT-VERGER|SYLVIE|21|Pharmacien|C|Civil|||||S|Salarié|40309320600049||920026572|920026564|F920026572|LBM BPO-BIOEPINE SITE HUISSIERS||||13||R|Rue|DES HUISSIERS||92200 NEUILLY SUR SEINE|92200|92051|Neuilly-sur-Seine|||||||||1920026572|CNOP/CNOP/ARS|SA25|Laboratoire de biologie médicale (LBM)|G|Pharmaciens biologistes, c'est-à-dire : les directeurs et les directeurs adjoints des laboratoires d'analyses de biologie médicale privés (LABM), de même que les biologistes praticiens des laboratoires hospitaliers publics. |FON-41|Biologiste médical|GENR01|Activité standard de soin ou de pharmacien|
8|10000267376|810000267376|DR|Docteur|MME|Madame|LY-NGAU|SOCHENDA|21|Pharmacien|C|Civil|||||L|Libéral|||920019577|920019551|F92001957701092006|PHARMACIE LY-NGAU||||23||R|Rue|DU CHATEAU||92500 RUEIL-MALMAISON|92500|92063|Rueil-Malmaison|99000|France|0147085721||||||1920019577|CNOP/CNOP/ARS + CNOP|SA33|Pharmacie d'officine|A|Pharmacien titulaire d'officine|FON-03|Titulaire d'officine|GENR01|Activité standard de soin ou de pharmacien|
8|10000285428|810000285428|||M|Monsieur|ROUSSEL|FREDERIC|21|Pharmacien|C|Civil|||||L|Libéral|||920013760|920013752|F92001376001032020|PHARMACIE AYADI ROUSSEL|PHARMACIE MARCEAU VOIE LACTEE|||116||AV|Avenue|MARCEAU||92400 COURBEVOIE|92400|92026|Courbevoie|99000|France|0143331354||0143331350||||1920013760|CNOP/CNOP/ARS + CNOP|SA33|Pharmacie d'officine|A|Pharmacien titulaire d'officine|FON-03|Titulaire d'officine|GENR01|Activité standard de soin ou de pharmacien|
8|10000311349|810000311349|DR|Docteur|MME|Madame|EVANNO-ESPIEUSSAT|EMMANUELLE|21|Pharmacien|C|Civil|||||S|Salarié|42349433500064||||R10100000062598|DRSM AQUITAINE||||80||AV|Avenue|DE LA JALLERE|BP|33028 BORDEAUX|33028|33063|Bordeaux|||||||||342349433500064|CNOP/CNOP/CNOP|SA24|Organisme de Sécurité Sociale|D|Pharmacien adjoint, pharmacien remplaçant le titulaire, gérant après décès du titulaire, pharmacien multi-employeurs.|FON-19|Praticien Conseil|GENR01|Activité standard de soin ou de pharmacien|
8|10000375260|810000375260|DR|Docteur|M|Monsieur|ATHLAN|JERRY|21|Pharmacien|C|Civil|||||L|Libéral|||190009167|190009142|F19000916714012013|PHARMACIE ATHLAN|||LA CROIX DE LA CHAPELLE|||||||19330 ST MEXANT|19330|19227|Saint-Mexant|99000|France|||||||1190009167|CNOP/CNOP/ARS + CNOP|SA33|Pharmacie d'officine|A|Pharmacien titulaire d'officine|FON-03|Titulaire d'officine|GENR01|Activité standard de soin ou de pharmacien|
8|10000405802|810000405802|||MME|Madame|PAULIN|CATHERINE|21|Pharmacien|C|Civil|||||S|Salarié|26110002800149||110000023|110780061|F110000023|CH CARCASSONNE||||1060||CHE|Chemin|DE LA MADELEINE|CS 40001|11010 CARCASSONNE CEDEX 9|11010|11069|Carcassonne|||0468242010||0468242006|secr.direction@ch-carcassonne.fr|||1110000023|CNOP/CNOP/ARS|SA01|Etablissement Public de santé|G|Pharmaciens biologistes, c'est-à-dire : les directeurs et les directeurs adjoints des laboratoires d'analyses de biologie médicale privés (LABM), de même que les biologistes praticiens des laboratoires hospitaliers publics. |FON-AU|Fonction non définie|GENR01|Activité standard de soin ou de pharmacien|
8|10000432632|810000432632|DR|Docteur|M|Monsieur|LEVILLAYER|HUGUES|21|Pharmacien|C|Civil|||||L|Libéral|38945452100011||780021218|780021200|F780021218|LBM SELAS BIO LAB SITE LES MUREAUX GAM||||34||R|Rue|GAMBETTA||78130 LES MUREAUX|78130|78440|Les Mureaux||||||danattias@yahoo.fr|||1780021218|CNOP/CNOP/ARS|SA25|Laboratoire de biologie médicale (LBM)|G|Pharmaciens biologistes, c'est-à-dire : les directeurs et les directeurs adjoints des laboratoires d'analyses de biologie médicale privés (LABM), de même que les biologistes praticiens des laboratoires hospitaliers publics. |FON-41|Biologiste médical|GENR01|Activité standard de soin ou de pharmacien|
8|10000437359|810000437359|||MME|Madame|TOURNIER-DUMONT|MICHELE|21|Pharmacien|C|Civil|||||S|Salarié|||400010450|400010443|F40001045001072008|PHARMACIE DUPERIER - PRUJA - TOUYA|SELARL  DUPERIER - PRUJA - TOUYA |||6||R|Rue|EMILE NOUGARO||40140 SOUSTONS|40140|40310|Soustons|99000|France|0558415169||0558413119||||1400010450|CNOP/CNOP/ARS + CNOP|SA33|Pharmacie d'officine|D|Pharmacien adjoint, pharmacien remplaçant le titulaire, gérant après décès du titulaire, pharmacien multi-employeurs.|FON-05|Adjoint|GENR01|Activité standard de soin ou de pharmacien|
8|10000480524|810000480524|DR|Docteur|M|Monsieur|FABREGUETTES|JEAN-ROCH|21|Pharmacien|C|Civil|||||S|Salarié|26750045200672||750000341|750712184|F750000341|AGEPS APHP DE PARIS||||7||R|Rue|DU FER A MOULIN||75005 PARIS|75005|75105|Paris 5e  Arrondissement|||0146691313||0146691519|upharma.htd@htd.aphp.fr|||1750000341|CNOP/CNOP/ARS|SA01|Etablissement Public de santé|H|Pharmaciens exerçant dans: les etb de santé, médico-sociaux, de transfusion sanguine, les SDIS, les dispensaires antituberculeux, les centres de planification ou d'éducation familiale, les centres spécialisés de soins aux toxicomanes|FON-AU|Fonction non définie|GENR01|Activité standard de soin ou de pharmacien|
8|10000494954|810000494954|DR|Docteur|MME|Madame|SALMON|HELENE|21|Pharmacien|C|Civil|||||S|Salarié|77554456200041||060780459|010783009|F060780459|CLINIQUE ORSAC MONTFLEURI||||23||AV|Avenue|FOUQUES||06130 GRASSE|06130|06069|Grasse|||0493403838||0493469538|secretariat@orsac-montfleuri.fr|||1060780459|CNOP/CNOP/ARS|SA03|Etab. Privé PSPH|H|Pharmaciens exerçant dans: les etb de santé, médico-sociaux, de transfusion sanguine, les SDIS, les dispensaires antituberculeux, les centres de planification ou d'éducation familiale, les centres spécialisés de soins aux toxicomanes|FON-37|Gérant de PUI|GENR01|Activité standard de soin ou de pharmacien|
8|10000520691|810000520691|DR|Docteur|MME|Madame|OLLIER|DELPHINE|21|Pharmacien|C|Civil|||||S|Salarié|73375064000027||830023412|830023404|F830023412|INTER MEDICAL FOCSE|||LES PERVENCHES|256||R|Rue|ROLAND GARROS||83600 FREJUS|83600|83061|Fréjus|||||||||1830023412|CNOP/CNOP/ARS|SA61|Struct. Dispensatrice à dom. Oxygène usage médical|D|Pharmacien adjoint, pharmacien remplaçant le titulaire, gérant après décès du titulaire, pharmacien multi-employeurs.|FON-50|Pharmacien adjoint BPDO|GENR01|Activité standard de soin ou de pharmacien|
8|10000534254|810000534254|DR|Docteur|MME|Madame|GARD|CAROLE|21|Pharmacien|C|Civil|||||S|Salarié|43807828900032||||R10100000139883|LABORATOIRE DESTAING||||45||BD|Boulevard|MARCEL PAGNOL||06130 GRASSE|06130|||||||||||343807828900032|CNOP/CNOP/CNOP|SA46|Répart. Distrib. Médicament DM et Fab. Exploit. Im|C|Pharmacien responsable ou pharmacien responsable intérimaire, pharmacien adjoint, délégué ou délégué intérimaire d'une entreprise de distribution de gros.|FON-09|Responsable d'établissement|GENR01|Activité standard de soin ou de pharmacien|
8|10000558089|810000558089|DR|Docteur|MME|Madame|GOIRAND|FRANCOISE|21|Pharmacien|C|Civil|||||S|Salarié|||210006938|210780581|F210006938|POLE DE BIOLOGIE  CHU DIJON||||2||R|Rue|ANGELIQUE DUCOUDRAY||21000 DIJON|21000|21231|Dijon|||0380293031||0380293421|dg.chu-dijon@chu-dijon.fr|||1210006938|CNOP/CNOP/ARS|SA01|Etablissement Public de santé|G|Pharmaciens biologistes, c'est-à-dire : les directeurs et les directeurs adjoints des laboratoires d'analyses de biologie médicale privés (LABM), de même que les biologistes praticiens des laboratoires hospitaliers publics. |FON-AU|Fonction non définie|GENR01|Activité standard de soin ou de pharmacien|
8|10000567072|810000567072|DR|Docteur|MME|Madame|LE TIEC|CLOTILDE|21|Pharmacien|C|Civil|||||S|Salarié|26750045200441||940100043|750712184|F940100043|HU PARIS SUD SITE KREMLIN BICETRE APHP||||78||AV|Avenue|DU GENERAL LECLERC||94275 LE KREMLIN BICETRE CEDEX|94275|94043|Le Kremlin-Bicêtre|||0145212121||0145212097||||1940100043|CNOP/CNOP/ARS|SA01|Etablissement Public de santé|H|Pharmaciens exerçant dans: les etb de santé, médico-sociaux, de transfusion sanguine, les SDIS, les dispensaires antituberculeux, les centres de planification ou d'éducation familiale, les centres spécialisés de soins aux toxicomanes|FON-AU|Fonction non définie|GENR01|Activité standard de soin ou de pharmacien|
8|10000580745|810000580745|DR|Docteur|M|Monsieur|SFEIR|JOSEPH|21|Pharmacien|C|Civil|||||L|Libéral|||850015595|850002742|F85001559504052020|SELARL PHARMACIE DE LA VALLEE||||75||R|Rue|DU PRÉ DE FOIRE||85700 POUZAUGES|85700|85182|Pouzauges|99000|France|||||||1850015595|CNOP/CNOP/ARS + CNOP|SA33|Pharmacie d'officine|A|Pharmacien titulaire d'officine|FON-03|Titulaire d'officine|GENR01|Activité standard de soin ou de pharmacien|
8|10000585348|810000585348|DR|Docteur|MME|Madame|JUDEL|CLAIRE|21|Pharmacien|C|Civil|||||S|Salarié|26770005200298||770000156|770110054|F770000156|CH DE MELUN SITE SANTEPOLE||||270||AV|Avenue|MARC JACQUET||77000 MELUN|77000|77288|Melun|||0164716000||0164716600|secretariat.direction@ch-melun.fr|||1770000156|CNOP/CNOP/ARS|SA01|Etablissement Public de santé|H|Pharmaciens exerçant dans: les etb de santé, médico-sociaux, de transfusion sanguine, les SDIS, les dispensaires antituberculeux, les centres de planification ou d'éducation familiale, les centres spécialisés de soins aux toxicomanes|FON-AU|Fonction non définie|GENR01|Activité standard de soin ou de pharmacien|
8|10000599414|810000599414|DR|Docteur|MME|Madame|NEVEUX|NATHALIE|21|Pharmacien|C|Civil|||||S|Salarié|38304765100013||750100166|750712184|F750100166|HU PARIS CENTRE SITE COCHIN APHP||||27||R|Rue|DU FAUBOURG SAINT JACQUES||75679 PARIS CEDEX 14|75679|75114|Paris 14e  Arrondissement|||0158414141||0158411005|emmanuel.lavoue@cch.aphp.fr|||1750100166|CNOP/CNOP/ARS|SA01|Etablissement Public de santé|G|Pharmaciens biologistes, c'est-à-dire : les directeurs et les directeurs adjoints des laboratoires d'analyses de biologie médicale privés (LABM), de même que les biologistes praticiens des laboratoires hospitaliers publics. |FON-AU|Fonction non définie|GENR01|Activité standard de soin ou de pharmacien|
8|10000625789|810000625789|DR|Docteur|MME|Madame|SKORLIC-LARIBLE|NICOLE|21|Pharmacien|C|Civil|||||S|Salarié|||100002443|100002435|F10000244319042022|SELARL MAIZIERONNE|PHARMACIE SASPORTES|||29||AV|Avenue|du Général de Gaulle||10510 MAIZIERES-LA-GRANDE-PAROISSE|10510|10220|Maizières-la-Grande-Paroisse|99000|France|0325243938||0325240219||||1100002443|CNOP/CNOP/ARS + CNOP|SA33|Pharmacie d'officine|D|Pharmacien adjoint, pharmacien remplaçant le titulaire, gérant après décès du titulaire, pharmacien multi-employeurs.|FON-05|Adjoint|GENR01|Activité standard de soin ou de pharmacien|
8|10000628593|810000628593|DR|Docteur|MME|Madame|PEILLERON-TIPHINE|AURORE|21|Pharmacien|C|Civil|||||L|Libéral|||100003144|100003136|F10000314401102011|PHARMACIE PEILLERON||||8||R|Rue|DU COMMERCE||10120 SAINT-GERMAIN|10120|10340|Saint-Germain|99000|France|0325750404||0325750091|pharmaciepeilleron@pharmacie-saintgermain.fr|||1100003144|CNOP/CNOP/ARS + CNOP|SA33|Pharmacie d'officine|A|Pharmacien titulaire d'officine|FON-03|Titulaire d'officine|GENR01|Activité standard de soin ou de pharmacien|
8|10000674050|810000674050|DR|Docteur|MME|Madame|KALBUSCH-MORI|LAETITIA|21|Pharmacien|C|Civil|||||L|Libéral|||510017825|510017817|F51001782512112013|PHARMACIE KALBUSCH|SELARL PHARMACIE AGEENNE||1 PLACE DU JARD|31||BD|Boulevard|CHARLES DE GAULLE|AY|51160 AY CHAMPAGNE|51160|51030|Aÿ-Champagne|99000|France|0326552047||0326541103|pharmaciekalbusch@orange.fr|||1510017825|CNOP/CNOP/ARS + CNOP|SA33|Pharmacie d'officine|A|Pharmacien titulaire d'officine|FON-03|Titulaire d'officine|GENR01|Activité standard de soin ou de pharmacien|
8|10000700087|810000700087|DR|Docteur|M|Monsieur|DELPLANCQ|AXEL|21|Pharmacien|C|Civil|||||L|Libéral|||600002901|600002893|F60000290102052018|PHARMACIE DELPLANCQ|SELARL PHARMACIE DE LA PICARDIE VERTE|||1||RTE|Route|DE CREVECOEUR||60210 GRANDVILLIERS|60210|60286|Grandvilliers|99000|France|||||||1600002901|CNOP/CNOP/ARS + CNOP|SA33|Pharmacie d'officine|A|Pharmacien titulaire d'officine|FON-03|Titulaire d'officine|GENR01|Activité standard de soin ou de pharmacien|
8|10000703958|810000703958|DR|Docteur|MME|Madame|DUPONT|DELPHINE|21|Pharmacien|C|Civil|||||S|Salarié|||800006892|800006884|F80000689202112015|PHARMACIE TANQUEREL-DENIS||||9||R|Rue|DES DEPORTES||80440 BOVES|80440|80131|Boves|||0322092058||0322098850|pharmacietanquereldenis@offisecure.com|||1800006892|CNOP/CNOP/ARS + CNOP|SA33|Pharmacie d'officine|D|Pharmacien adjoint, pharmacien remplaçant le titulaire, gérant après décès du titulaire, pharmacien multi-employeurs.|FON-05|Adjoint|GENR01|Activité standard de soin ou de pharmacien|
8|10000718030|810000718030|DR|Docteur|MME|Madame|CASTELAIN|SANDRINE|21|Pharmacien|C|Civil|||||S|Salarié|26800014800125||800006124|800000044|F800006124|CHU AMIENS SUD||||1||RPT|Rond point|PROFESSEUR CHRISTIAN CABROL||80054 AMIENS CEDEX 1|80054|80021|Amiens|||0322456000||0322668595|chu-@chu-amiens.fr|||1800006124|CNOP/CNOP/ARS|SA01|Etablissement Public de santé|G|Pharmaciens biologistes, c'est-à-dire : les directeurs et les directeurs adjoints des laboratoires d'analyses de biologie médicale privés (LABM), de même que les biologistes praticiens des laboratoires hospitaliers publics. |FON-AU|Fonction non définie|GENR01|Activité standard de soin ou de pharmacien|
8|10000730639|810000730639|DR|Docteur|MME|Madame|FOURDRAINE-QUEVY|EMILIE|21|Pharmacien|C|Civil|||||L|Libéral|||800010464|800010456|F80001046422082011|PHARMACIE FOURDRAINE-QUEVY|SELARL PHARMACIE FOURDRAINE-QUEVY|||37||R|Rue|CHARLES DE GAULLE||80220 GAMACHES|80220|80373|Gamaches|99000|France|0322261014||0322610746||||1800010464|CNOP/CNOP/ARS + CNOP|SA33|Pharmacie d'officine|A|Pharmacien titulaire d'officine|FON-03|Titulaire d'officine|GENR01|Activité standard de soin ou de pharmacien|
8|10000768282|810000768282|||MME|Madame|ROUILLE|CHRISTINE|21|Pharmacien|C|Civil|||||S|Salarié|||760014852|760014845|F76001485201012022|PHARMACIE DE JANVAL|||Résidence Jacques Prévert|32||R|Rue|Léon Rogé||76200 DIEPPE|76200|76217|Dieppe|99000|France|0235841550||0235843170|pharmacie-de-janval@wanadoo.fr|||1760014852|CNOP/CNOP/ARS + CNOP|SA33|Pharmacie d'officine|D|Pharmacien adjoint, pharmacien remplaçant le titulaire, gérant après décès du titulaire, pharmacien multi-employeurs.|FON-05|Adjoint|GENR01|Activité standard de soin ou de pharmacien|
8|10000768571|810000768571|DR|Docteur|MME|Madame|VALLEE|EVELYNE|21|Pharmacien|C|Civil|||||L|Libéral|||760028951|760022525|F76002895112032021|PHARMACIE GARIBALDI||||250||R|Rue|GARIBALDI||76300 SOTTEVILLE LES ROUEN|76300|76681|Sotteville-lès-Rouen|99000|France|0235723622||0970614902|pharmacie-garibaldi@orange.fr|||1760028951|CNOP/CNOP/ARS + CNOP|SA33|Pharmacie d'officine|A|Pharmacien titulaire d'officine|FON-03|Titulaire d'officine|GENR01|Activité standard de soin ou de pharmacien|
8|10000774157|810000774157|DR|Docteur|M|Monsieur|FRÉTÉ BLONDIN|THIERRY|21|Pharmacien|C|Civil|||||S|Salarié|48905468400019||620030692|620030684|F620030692|AERIS MEDICAL|||ZONE INDUSTRIELLE DE L'INQUETRIE|18||R|Rue|DE L'HIPPODROME||62280 ST MARTIN BOULOGNE|62280|62758|Saint-Martin-Boulogne|||0391905411||||||1620030692|CNOP/CNOP/ARS|SA61|Struct. Dispensatrice à dom. Oxygène usage médical|D|Pharmacien adjoint, pharmacien remplaçant le titulaire, gérant après décès du titulaire, pharmacien multi-employeurs.|FON-49|Pharmacien responsable BPDO|GENR01|Activité standard de soin ou de pharmacien|
8|10000787670|810000787670|DR|Docteur|MME|Madame|JAILLET|NATHALIE|21|Pharmacien|C|Civil|||||S|Salarié|64204136200202||||R10100000211412|LABORATOIRE GLAXOSMITHKLINE||||23||R|Rue|FRANCOIS JACOB||92500 RUEIL-MALMAISON|92500|92063|Rueil-Malmaison|||||||||364204136200202|CNOP/CNOP/CNOP|SA32|Fab. Exploit. Import. Méd. DM|B|Pharmacien responsable ou pharmacien responsable intérimaire, pharmacien adjoint, délégué ou délégué intérimaire d'une entreprise : fabricant, importateur, exploitant.|FON-05|Adjoint|GENR01|Activité standard de soin ou de pharmacien|
8|10000792191|810000792191|DR|Docteur|MME|Madame|CLUZEL|AURELIE|21|Pharmacien|C|Civil|||||L|Libéral|||270021280|270021272|F27002128025042022|PHARMACIE CLUZEL|||Centre commercial Intermarché|||RTE|Route|de Bernay|Les Platanes|27500 PONT-AUDEMER|27500|27467|Pont-Audemer|99000|France|0232410066||0232418550|pharmacie.cluzel@gmail.com|||1270021280|CNOP/CNOP/ARS + CNOP|SA33|Pharmacie d'officine|A|Pharmacien titulaire d'officine|FON-03|Titulaire d'officine|GENR01|Activité standard de soin ou de pharmacien|
8|10000793504|810000793504|DR|Docteur|MME|Madame|TRANCHANT-RACOUSSOT|ANGELIQUE|21|Pharmacien|C|Civil|||||L|Libéral|||760015156|760015131|F76001515618042016|PHARMACIE TRANCHANT|Pharmacie de la Seine|||34||R|Rue|DES MARTYRS||76500 ELBEUF|76500|76231|Elbeuf|99000|France|0235770126||0235785180||||1760015156|CNOP/CNOP/ARS + CNOP|SA33|Pharmacie d'officine|A|Pharmacien titulaire d'officine|FON-03|Titulaire d'officine|GENR01|Activité standard de soin ou de pharmacien|
8|10000805142|810000805142|||MME|Madame|CHATEAU|NATHALIE|21|Pharmacien|C|Civil|||||S|Salarié|||180001422|180001414|F18000142203122021|PHARMACIE AULD ALLIANCE||||40||R|Rue|DU PRIEURE||18700 AUBIGNY-SUR-NÈRE|18700|18015|Aubigny-sur-Nère|||0248580505||0248580509|pharmacie.auldalliance@orange.fr|||1180001422|CNOP/CNOP/ARS + CNOP|SA33|Pharmacie d'officine|D|Pharmacien adjoint, pharmacien remplaçant le titulaire, gérant après décès du titulaire, pharmacien multi-employeurs.|FON-05|Adjoint|GENR01|Activité standard de soin ou de pharmacien|
8|10000814136|810000814136|||M|Monsieur|LEROY|PASCAL|21|Pharmacien|C|Civil|||||L|Libéral|||280004532|280004524|F28000453228082006|PHARMACIE LEROY||||10||R|Rue|DU COMMERCE||28480 THIRON GARDAIS|28480|28387|Thiron-Gardais|99000|France|0237494303||||||1280004532|CNOP/CNOP/ARS + CNOP|SA33|Pharmacie d'officine|A|Pharmacien titulaire d'officine|FON-03|Titulaire d'officine|GENR01|Activité standard de soin ou de pharmacien|
8|10000817550|810000817550|DR|Docteur|M|Monsieur|BOQUET|HERVE|21|Pharmacien|C|Civil|||||S|Salarié|||720009182|720002617|F72000918201042022|PHARMACIE  SAINT-JOSEPH|PHARMACIE SAINT-JOSEPH|||2||AV|Avenue|d'Haouza||72100 LE MANS|72100|72181|Le Mans|99000|France|0243246481|0614606394|0243241437|pharmacie.st.joseph@gmail.com|||1720009182|CNOP/CNOP/ARS + CNOP|SA33|Pharmacie d'officine|D|Pharmacien adjoint, pharmacien remplaçant le titulaire, gérant après décès du titulaire, pharmacien multi-employeurs.|FON-05|Adjoint|GENR01|Activité standard de soin ou de pharmacien|
8|10000839067|810000839067|DR|Docteur|M|Monsieur|LANOTTE|PHILIPPE|21|Pharmacien|C|Civil|||||S|Salarié|26370018900016||370000861|370000481|F370000861|CHRU BRETONNEAU - TOURS||||2||BD|Boulevard|TONNELLE||37044 TOURS CEDEX 9|37044|37261|Tours|||0247474747||0247474784||||1370000861|CNOP/CNOP/ARS|SA01|Etablissement Public de santé|G|Pharmaciens biologistes, c'est-à-dire : les directeurs et les directeurs adjoints des laboratoires d'analyses de biologie médicale privés (LABM), de même que les biologistes praticiens des laboratoires hospitaliers publics. |FON-AU|Fonction non définie|GENR01|Activité standard de soin ou de pharmacien|
8|10000599414|810000599414|DR|Docteur|MME|Madame|NEVEUX|NATHALIE|21|Pharmacien|C|Civil|||||S|Salarié|38304765100013||750100166|750712184|F750100166|HU PARIS CENTRE SITE COCHIN APHP||||27||R|Rue|DU FAUBOURG SAINT JACQUES||75679 PARIS CEDEX 14|75679|75114|Paris 14e  Arrondissement|||0158414141||0158411005|emmanuel.lavoue@cch.aphp.fr|||1750100166|CNOP/CNOP/ARS|SA01|Etablissement Public de santé|G|Pharmaciens biologistes, c'est-à-dire : les directeurs et les directeurs adjoints des laboratoires d'analyses de biologie médicale privés (LABM), de même que les biologistes praticiens des laboratoires hospitaliers publics. |FON-AU|Fonction non définie|GENR01|Activité standard de soin ou de pharmacien|
8|10100216497|810100216497|DR|Docteur|MME|Madame|NGUON|Marina|21|Pharmacien|C|Civil|||||S|Salarié|26690027300019||690029194|690781810|F690029194|HOSPICES CIVILS DE LYON - SIEGE||||3||QU|Quai|DES CELESTINS||69002 LYON|69002|69382|Lyon 2e  Arrondissement|||0472407240||0472407500||||1690029194|CNOP/CNOP/ARS|SA01|Etablissement Public de santé|H|Pharmaciens exerçant dans: les etb de santé, médico-sociaux, de transfusion sanguine, les SDIS, les dispensaires antituberculeux, les centres de planification ou d'éducation familiale, les centres spécialisés de soins aux toxicomanes|FON-AU|Fonction non définie|GENR01|Activité standard de soin ou de pharmacien|
8|10001817781|810001817781|DR|Docteur|MME|Madame|MANE-MERENDET|CELINE|21|Pharmacien|C|Civil|||||S|Salarié|||690018635|690018627|F69001863501062003|PHARMACIE AUXENFANS|GDE PHCIE LYONNAISE-PHCIE PRINCIPALE |||22||R|Rue|DE LA REPUBLIQUE||69002 LYON|69002|69382|Lyon 2e  Arrondissement|99000|France|0472564400||0472564405||||1690018635|CNOP/CNOP/ARS + CNOP|SA33|Pharmacie d'officine|D|Pharmacien adjoint, pharmacien remplaçant le titulaire, gérant après décès du titulaire, pharmacien multi-employeurs.|FON-05|Adjoint|GENR01|Activité standard de soin ou de pharmacien|
8|10000029834|810000029834|||MME|Madame|TEMSTET|PAULETTE|21|Pharmacien|C|Civil|||||L|Libéral|||750024887|750024861|F75002488727051943|PHARMACIE TEMSTET-OUIZMAN||||45||R|Rue|RAYMOND LOSSERAND||75014 PARIS|75014|75114|Paris 14e  Arrondissement|99000|France|||||||1750024887|CNOP/CNOP/ARS + CNOP|SA33|Pharmacie d'officine|A|Pharmacien titulaire d'officine|FON-03|Titulaire d'officine|GENR01|Activité standard de soin ou de pharmacien|
